Title,Schema,Question,Structured Question,Parsed Question,Schema Incorportation,Weight,SQL,Cohort,Dataframeshape,R,Variables,Statistics,Impute R,Impute Stats,Impute Variable,Analysis,Period,Years,LLM provider,Safeguard1,Safeguard2,Safeguard3,Total Time,Total Cost,SQL Error,SQL Attempts,Lookup Table,Result Log,LLM Log
47416,nhanes,"We will get weighted prevalence of people with diabetes. We will use NHANES data from 1999-2008. Exclude people whose age at screening is less than 20, missing any of the following visual acuity values: presenting right visual acuity, presenting left visual acuity, post-refraction right visual acuity, post-refraction left visual acuity.
we will also exclud people who are missing both of the following diabetes related information: glycohemoglobin (HbA1c) (%) and self-report of a doctor's diabetes diagnosis
The main grouping variable will be a three-level categorical variable, 'vision group', defined using the better vision eye among right and left eye: ""Group 1"" No VI (Reference Group): Presenting visual acuity is 20/40 or better. ""Group 2"" Correctable VI (CVI): Presenting acuity is worse than 20/40, but post-refraction acuity is 20/40 or better. ""Group 3"" Nonrefractive VI (NVI): Presenting acuity is worse than 20/40, and post-refraction acuity is still worse than 20/40.
Outcome is having diabetes defined as meeting one of the criteria, having glycohemoglobin (HbA1c) (%) level of 6.5 or higher, who said yes to self-report of a doctor's diabetes diagnosis, categorized as binary 1 (having diabetes) and otherwise 0.","Analysis Type: weighted prevalence

Dataset: NHANES

Period of Interest: 1999-2008

Inclusion Criteria:
None

Exclusion Criteria:
- age at screening < 20
- missing presenting right visual acuity
- missing presenting left visual acuity
- missing post-refraction right visual acuity
- missing post-refraction left visual acuity
- missing both glycohemoglobin (HbA1c) (%) AND self-report of a doctor's diabetes diagnosis

Grouping Variables:
- vision group categorized as:
  First, determine better presenting visual acuity (PVA_better) as the better (lower denominator) of presenting right visual acuity and presenting left visual acuity.
  Second, determine better post-refraction visual acuity (PRVA_better) as the better (lower denominator) of post-refraction right visual acuity and post-refraction left visual acuity.
  - ""Group 1"" No VI (Reference Group): PVA_better is 20/40 or better (i.e., denominator <= 40)
  - ""Group 2"" Correctable VI (CVI): PVA_better is worse than 20/40 (i.e., denominator > 40) AND PRVA_better is 20/40 or better (i.e., denominator <= 40)
  - ""Group 3"" Nonrefractive VI (NVI): PVA_better is worse than 20/40 (i.e., denominator > 40) AND PRVA_better is worse than 20/40 (i.e., denominator > 40)

Outcome:
- having diabetes = 1 if (glycohemoglobin (HbA1c) (%) >= 6.5 OR self-report of a doctor's diabetes diagnosis = ""yes""); 0 otherwise","{'dataset': 'NHANES', 'inclusion': [], 'exclusion': [{'keyword': 'age at screening', 'derived': False, 'condition': '< 20', 'table': 'final_master_table', 'column': 'age_in_years_at_screening', 'examples': ['0.0', '3.0', '61.0', '62.0', '63.0']}, {'keyword': 'presenting right visual acuity', 'derived': False, 'condition': 'is_na', 'table': 'final_master_table', 'column': 'right_visual_acuity_presenting', 'examples': ['20/20', '20/200', '20/200+', '20/25', '20/30', '20/40', '20/50', '20/60', '20/80']}, {'keyword': 'presenting left visual acuity', 'derived': False, 'condition': 'is_na', 'table': 'final_master_table', 'column': 'left_visual_acuity_presenting', 'examples': ['20/20', '20/200', '20/200+', '20/25', '20/30', '20/40', '20/50', '20/60', '20/80']}, {'keyword': 'post-refraction right visual acuity', 'derived': False, 'condition': 'is_na', 'table': 'final_master_table', 'column': 'right_visual_acuity_w_obj_refraction', 'examples': ['20/200', '20/200+', '20/25', '20/30', '20/40', '20/50', '20/60', '20/80']}, {'keyword': 'post-refraction left visual acuity', 'derived': False, 'condition': 'is_na', 'table': 'final_master_table', 'column': 'left_visual_acuity_w_obj_refraction', 'examples': ['20/200', '20/200+', '20/25', '20/30', '20/40', '20/50', '20/60', '20/80']}, {'keyword': ""missing both glycohemoglobin (hba1c) (%) and self-report of a doctor's diabetes diagnosis"", 'derived': True, 'depends_on': [{'keyword': 'glycohemoglobin (hba1c) (%)', 'condition': 'is_na', 'derived': False, 'table': 'final_master_table', 'column': 'glycohemoglobin', 'examples': ['4.8', '5.8', '6.2', '7.7', '12.4']}, {'keyword': ""self-report of a doctor's diabetes diagnosis"", 'condition': 'is_na', 'derived': False, 'table': 'final_master_table', 'column': 'doctor_told_you_have_diabetes', 'examples': ['Borderline', 'No', 'Yes']}], 'derivation': [{'step': 1, 'derivation_method': {'type': 'boolean_and', 'criteria': ['glycohemoglobin (hba1c) (%) is_na', ""self-report of a doctor's diabetes diagnosis is_na""]}}]}], 'grouping_variables': [{'keyword': 'vision group', 'derived': True, 'depends_on': [{'keyword': 'presenting right visual acuity', 'derived': False, 'table': 'final_master_table', 'column': 'right_visual_acuity_presenting', 'examples': ['20/20', '20/200', '20/200+', '20/25', '20/30', '20/40', '20/50', '20/60', '20/80']}, {'keyword': 'presenting left visual acuity', 'derived': False, 'table': 'final_master_table', 'column': 'left_visual_acuity_presenting', 'examples': ['20/20', '20/200', '20/200+', '20/25', '20/30', '20/40', '20/50', '20/60', '20/80']}, {'keyword': 'post-refraction right visual acuity', 'derived': False, 'table': 'final_master_table', 'column': 'right_visual_acuity_w_obj_refraction', 'examples': ['20/200', '20/200+', '20/25', '20/30', '20/40', '20/50', '20/60', '20/80']}, {'keyword': 'post-refraction left visual acuity', 'derived': False, 'table': 'final_master_table', 'column': 'left_visual_acuity_w_obj_refraction', 'examples': ['20/200', '20/200+', '20/25', '20/30', '20/40', '20/50', '20/60', '20/80']}], 'derivation': [{'step': 1, 'derivation_method': {'type': 'formula', 'description': 'pva_better = min(presenting right visual acuity, presenting left visual acuity)', 'output': 'pva_better'}}, {'step': 2, 'derivation_method': {'type': 'formula', 'description': 'prva_better = min(post-refraction right visual acuity, post-refraction left visual acuity)', 'output': 'prva_better'}}, {'step': 3, 'derivation_method': {'type': 'conditional_categorization', 'logic': [{'condition': 'pva_better <= 40', 'label': 'group 1 no vi (reference group)'}, {'condition': 'pva_better > 40 AND prva_better <= 40', 'label': 'group 2 correctable vi (cvi)'}, {'condition': 'pva_better > 40 AND prva_better > 40', 'label': 'group 3 nonrefractive vi (nvi)'}], 'labels': ['group 1 no vi (reference group)', 'group 2 correctable vi (cvi)', 'group 3 nonrefractive vi (nvi)']}}]}], 'outcome': [{'keyword': 'having diabetes', 'derived': True, 'depends_on': [{'keyword': 'glycohemoglobin (hba1c) (%)', 'derived': False, 'table': 'final_master_table', 'column': 'glycohemoglobin', 'examples': ['4.8', '5.8', '6.2', '7.7', '12.4']}, {'keyword': ""self-report of a doctor's diabetes diagnosis"", 'derived': False, 'table': 'final_master_table', 'column': 'doctor_told_you_have_diabetes', 'examples': ['Borderline', 'No', 'Yes']}], 'derivation': [{'step': 1, 'derivation_method': {'type': 'boolean_or', 'criteria': [{'condition': 'glycohemoglobin (hba1c) (%) >= 6.5'}, {'condition': 'self-report of a doctor\'s diabetes diagnosis = ""yes""'}]}}, {'step': 2, 'derivation_method': {'type': 'mapping', 'labels': ['1', '0']}}]}]}","{'analysis_type': 'weighted prevalence', 'dataset': 'NHANES', 'period_of_interest': '1999-2008', 'inclusion': [], 'exclusion': [{'keyword': 'age at screening', 'derived': False, 'condition': '< 20', 'data_sources': [{'cycle': '2005-2006', 'table': 'nhanes.demo_d', 'column': 'age_in_years_at_screening', 'example_values': ['0.0', '62.0', '76.0', '61.0', '63.0']}, {'cycle': '2001-2002', 'table': 'nhanes.demo_b', 'column': 'age_in_years_at_screening', 'example_values': ['0.0', '62.0', '76.0', '61.0', '3.0']}, {'cycle': '2003-2004', 'table': 'nhanes.demo_c', 'column': 'age_in_years_at_screening', 'example_values': ['0.0', '62.0', '76.0', '61.0', '3.0']}, {'cycle': '2007-2008', 'table': 'nhanes.demo_e', 'column': 'age_in_years_at_screening', 'example_values': ['0.0', '62.0', '76.0', '61.0', '3.0']}, {'cycle': '1999-2000', 'table': 'nhanes.demo', 'column': 'age_in_years_at_screening', 'example_values': ['0.0', '62.0', '76.0', '61.0', '3.0']}]}, {'keyword': 'presenting right visual acuity', 'derived': False, 'condition': 'is_na', 'data_sources': [{'cycle': '2005-2006', 'table': 'nhanes.vix_d', 'column': 'right_visual_acuity_presenting', 'example_values': ['20/80', '20/20', '20/40', '20/30', '20/25', '20/200', '20/200+', '20/50', '20/60']}, {'cycle': '2001-2002', 'table': 'nhanes.vix_b', 'column': 'right_visual_acuity_presenting', 'example_values': ['20/80', '20/20', '20/40', '20/30', '20/25', '20/200', '20/200+', '20/50', '20/60']}, {'cycle': '2003-2004', 'table': 'nhanes.vix_c', 'column': 'right_visual_acuity_presenting', 'example_values': ['20/80', '20/20', '20/40', '20/30', '20/25', '20/200', '20/200+', '20/50', '20/60']}, {'cycle': '2007-2008', 'table': 'nhanes.vix_e', 'column': 'right_visual_acuity_presenting', 'example_values': ['20/80', '20/20', '20/40', '20/30', '20/25', '20/200', '20/200+', '20/50', '20/60']}, {'cycle': '1999-2000', 'table': 'nhanes.vix', 'column': 'right_visual_acuity_presenting', 'example_values': ['20/80', '20/20', '20/40', '20/30', '20/25', '20/200', '20/200+', '20/50', '20/60']}]}, {'keyword': 'presenting left visual acuity', 'derived': False, 'condition': 'is_na', 'data_sources': [{'cycle': '2005-2006', 'table': 'nhanes.vix_d', 'column': 'left_visual_acuity_presenting', 'example_values': ['20/80', '20/20', '20/40', '20/30', '20/25', '20/200', '20/200+', '20/50', '20/60']}, {'cycle': '2001-2002', 'table': 'nhanes.vix_b', 'column': 'left_visual_acuity_presenting', 'example_values': ['20/80', '20/20', '20/40', '20/30', '20/25', '20/200', '20/200+', '20/50', '20/60']}, {'cycle': '2003-2004', 'table': 'nhanes.vix_c', 'column': 'left_visual_acuity_presenting', 'example_values': ['20/80', '20/20', '20/40', '20/30', '20/25', '20/200', '20/200+', '20/50', '20/60']}, {'cycle': '2007-2008', 'table': 'nhanes.vix_e', 'column': 'left_visual_acuity_presenting', 'example_values': ['20/80', '20/20', '20/40', '20/30', '20/25', '20/200', '20/200+', '20/50', '20/60']}, {'cycle': '1999-2000', 'table': 'nhanes.vix', 'column': 'left_visual_acuity_presenting', 'example_values': ['20/80', '20/20', '20/40', '20/30', '20/25', '20/200', '20/200+', '20/50', '20/60']}]}, {'keyword': 'post-refraction right visual acuity', 'derived': False, 'condition': 'is_na', 'data_sources': [{'cycle': '2005-2006', 'table': 'nhanes.vix_d', 'column': 'right_visual_acuity_w_obj_refraction', 'example_values': ['20/80', '20/40', '20/30', '20/25', '20/200', '20/200+', '20/50', '20/60']}, {'cycle': '2001-2002', 'table': 'nhanes.vix_b', 'column': 'right_visual_acuity_w_obj_refraction', 'example_values': ['20/80', '20/40', '20/30', '20/25', '20/200', '20/200+', '20/50', '20/60']}, {'cycle': '2003-2004', 'table': 'nhanes.vix_c', 'column': 'right_visual_acuity_w_obj_refraction', 'example_values': ['20/80', '20/40', '20/30', '20/25', '20/200', '20/200+', '20/50', '20/60']}, {'cycle': '2007-2008', 'table': 'nhanes.vix_e', 'column': 'right_visual_acuity_w_obj_refraction', 'example_values': ['20/80', '20/40', '20/30', '20/25', '20/200', '20/200+', '20/50', '20/60']}, {'cycle': '1999-2000', 'table': 'nhanes.vix', 'column': 'right_visual_acuity_w_obj_refraction', 'example_values': ['20/80', '20/40', '20/30', '20/25', '20/200', '20/200+', '20/50', '20/60']}]}, {'keyword': 'post-refraction left visual acuity', 'derived': False, 'condition': 'is_na', 'data_sources': [{'cycle': '2005-2006', 'table': 'nhanes.vix_d', 'column': 'left_visual_acuity_w_obj_refraction', 'example_values': ['20/80', '20/40', '20/30', '20/25', '20/200', '20/200+', '20/50', '20/60']}, {'cycle': '2001-2002', 'table': 'nhanes.vix_b', 'column': 'left_visual_acuity_w_obj_refraction', 'example_values': ['20/80', '20/40', '20/30', '20/25', '20/200', '20/200+', '20/50', '20/60']}, {'cycle': '2003-2004', 'table': 'nhanes.vix_c', 'column': 'left_visual_acuity_w_obj_refraction', 'example_values': ['20/80', '20/40', '20/30', '20/25', '20/200', '20/200+', '20/50', '20/60']}, {'cycle': '2007-2008', 'table': 'nhanes.vix_e', 'column': 'left_visual_acuity_w_obj_refraction', 'example_values': ['20/80', '20/40', '20/30', '20/25', '20/200', '20/200+', '20/50', '20/60']}, {'cycle': '1999-2000', 'table': 'nhanes.vix', 'column': 'left_visual_acuity_w_obj_refraction', 'example_values': ['20/80', '20/40', '20/30', '20/25', '20/200', '20/200+', '20/50', '20/60']}]}, {'keyword': ""missing both glycohemoglobin (hba1c) (%) and self-report of a doctor's diabetes diagnosis"", 'derived': True, 'depends_on': [{'keyword': 'glycohemoglobin (hba1c) (%)', 'condition': 'is_na', 'derived': False, 'data_sources': [{'cycle': '2005-2006', 'table': 'nhanes.ghb_d', 'column': 'glycohemoglobin', 'example_values': ['12.4', '13.2', '5.8', '4.8', '6.2']}, {'cycle': '2001-2002', 'table': 'nhanes.l10_b', 'column': 'glycohemoglobin', 'example_values': ['12.4', '5.8', '4.8', '6.2', '7.7']}, {'cycle': '2003-2004', 'table': 'nhanes.l10_c', 'column': 'glycohemoglobin', 'example_values': ['13.2', '5.8', '4.8', '6.2', '7.7']}, {'cycle': '2007-2008', 'table': 'nhanes.ghb_e', 'column': 'glycohemoglobin', 'example_values': ['12.4', '14.7', '13.2', '5.8', '4.8']}, {'cycle': '1999-2000', 'table': 'nhanes.lab10', 'column': 'glycohemoglobin', 'example_values': ['12.4', '14.7', '13.2', '5.8', '4.8']}]}, {'keyword': ""self-report of a doctor's diabetes diagnosis"", 'condition': 'is_na', 'derived': False, 'data_sources': [{'cycle': '2005-2006', 'table': 'nhanes.diq_d', 'column': 'doctor_told_you_have_diabetes', 'example_values': ['No', 'Borderline', 'Yes']}, {'cycle': '2001-2002', 'table': 'nhanes.diq_b', 'column': 'doctor_told_you_have_diabetes', 'example_values': ['No', 'Borderline', 'Yes']}, {'cycle': '2003-2004', 'table': 'nhanes.diq_c', 'column': 'doctor_told_you_have_diabetes', 'example_values': ['No', 'Borderline', 'Yes']}, {'cycle': '2007-2008', 'table': 'nhanes.diq_e', 'column': 'doctor_told_you_have_diabetes', 'example_values': ['No', 'Borderline', 'Yes']}, {'cycle': '1999-2000', 'table': 'nhanes.diq', 'column': 'doctor_told_you_have_diabetes', 'example_values': ['No', 'Borderline', 'Yes']}]}], 'derivation': [{'step': 1, 'derivation_method': {'type': 'boolean_and', 'criteria': ['glycohemoglobin (hba1c) (%) is_na', ""self-report of a doctor's diabetes diagnosis is_na""]}}]}], 'grouping_variables': [{'keyword': 'vision group', 'derived': True, 'depends_on': [{'keyword': 'presenting right visual acuity', 'derived': False, 'data_sources': [{'cycle': '2005-2006', 'table': 'nhanes.vix_d', 'column': 'right_visual_acuity_presenting', 'example_values': ['20/80', '20/20', '20/40', '20/30', '20/25', '20/200', '20/200+', '20/50', '20/60']}, {'cycle': '2001-2002', 'table': 'nhanes.vix_b', 'column': 'right_visual_acuity_presenting', 'example_values': ['20/80', '20/20', '20/40', '20/30', '20/25', '20/200', '20/200+', '20/50', '20/60']}, {'cycle': '2003-2004', 'table': 'nhanes.vix_c', 'column': 'right_visual_acuity_presenting', 'example_values': ['20/80', '20/20', '20/40', '20/30', '20/25', '20/200', '20/200+', '20/50', '20/60']}, {'cycle': '2007-2008', 'table': 'nhanes.vix_e', 'column': 'right_visual_acuity_presenting', 'example_values': ['20/80', '20/20', '20/40', '20/30', '20/25', '20/200', '20/200+', '20/50', '20/60']}, {'cycle': '1999-2000', 'table': 'nhanes.vix', 'column': 'right_visual_acuity_presenting', 'example_values': ['20/80', '20/20', '20/40', '20/30', '20/25', '20/200', '20/200+', '20/50', '20/60']}]}, {'keyword': 'presenting left visual acuity', 'derived': False, 'data_sources': [{'cycle': '2005-2006', 'table': 'nhanes.vix_d', 'column': 'left_visual_acuity_presenting', 'example_values': ['20/80', '20/20', '20/40', '20/30', '20/25', '20/200', '20/200+', '20/50', '20/60']}, {'cycle': '2001-2002', 'table': 'nhanes.vix_b', 'column': 'left_visual_acuity_presenting', 'example_values': ['20/80', '20/20', '20/40', '20/30', '20/25', '20/200', '20/200+', '20/50', '20/60']}, {'cycle': '2003-2004', 'table': 'nhanes.vix_c', 'column': 'left_visual_acuity_presenting', 'example_values': ['20/80', '20/20', '20/40', '20/30', '20/25', '20/200', '20/200+', '20/50', '20/60']}, {'cycle': '2007-2008', 'table': 'nhanes.vix_e', 'column': 'left_visual_acuity_presenting', 'example_values': ['20/80', '20/20', '20/40', '20/30', '20/25', '20/200', '20/200+', '20/50', '20/60']}, {'cycle': '1999-2000', 'table': 'nhanes.vix', 'column': 'left_visual_acuity_presenting', 'example_values': ['20/80', '20/20', '20/40', '20/30', '20/25', '20/200', '20/200+', '20/50', '20/60']}]}, {'keyword': 'post-refraction right visual acuity', 'derived': False, 'data_sources': [{'cycle': '2005-2006', 'table': 'nhanes.vix_d', 'column': 'right_visual_acuity_w_obj_refraction', 'example_values': ['20/80', '20/40', '20/30', '20/25', '20/200', '20/200+', '20/50', '20/60']}, {'cycle': '2001-2002', 'table': 'nhanes.vix_b', 'column': 'right_visual_acuity_w_obj_refraction', 'example_values': ['20/80', '20/40', '20/30', '20/25', '20/200', '20/200+', '20/50', '20/60']}, {'cycle': '2003-2004', 'table': 'nhanes.vix_c', 'column': 'right_visual_acuity_w_obj_refraction', 'example_values': ['20/80', '20/40', '20/30', '20/25', '20/200', '20/200+', '20/50', '20/60']}, {'cycle': '2007-2008', 'table': 'nhanes.vix_e', 'column': 'right_visual_acuity_w_obj_refraction', 'example_values': ['20/80', '20/40', '20/30', '20/25', '20/200', '20/200+', '20/50', '20/60']}, {'cycle': '1999-2000', 'table': 'nhanes.vix', 'column': 'right_visual_acuity_w_obj_refraction', 'example_values': ['20/80', '20/40', '20/30', '20/25', '20/200', '20/200+', '20/50', '20/60']}]}, {'keyword': 'post-refraction left visual acuity', 'derived': False, 'data_sources': [{'cycle': '2005-2006', 'table': 'nhanes.vix_d', 'column': 'left_visual_acuity_w_obj_refraction', 'example_values': ['20/80', '20/40', '20/30', '20/25', '20/200', '20/200+', '20/50', '20/60']}, {'cycle': '2001-2002', 'table': 'nhanes.vix_b', 'column': 'left_visual_acuity_w_obj_refraction', 'example_values': ['20/80', '20/40', '20/30', '20/25', '20/200', '20/200+', '20/50', '20/60']}, {'cycle': '2003-2004', 'table': 'nhanes.vix_c', 'column': 'left_visual_acuity_w_obj_refraction', 'example_values': ['20/80', '20/40', '20/30', '20/25', '20/200', '20/200+', '20/50', '20/60']}, {'cycle': '2007-2008', 'table': 'nhanes.vix_e', 'column': 'left_visual_acuity_w_obj_refraction', 'example_values': ['20/80', '20/40', '20/30', '20/25', '20/200', '20/200+', '20/50', '20/60']}, {'cycle': '1999-2000', 'table': 'nhanes.vix', 'column': 'left_visual_acuity_w_obj_refraction', 'example_values': ['20/80', '20/40', '20/30', '20/25', '20/200', '20/200+', '20/50', '20/60']}]}], 'derivation': [{'step': 1, 'derivation_method': {'type': 'formula', 'description': 'pva_better = min(presenting right visual acuity, presenting left visual acuity)', 'output': 'pva_better'}}, {'step': 2, 'derivation_method': {'type': 'formula', 'description': 'prva_better = min(post-refraction right visual acuity, post-refraction left visual acuity)', 'output': 'prva_better'}}, {'step': 3, 'derivation_method': {'type': 'conditional_categorization', 'logic': [{'condition': 'pva_better <= 40', 'label': 'group 1 no vi (reference group)'}, {'condition': 'pva_better > 40 AND prva_better <= 40', 'label': 'group 2 correctable vi (cvi)'}, {'condition': 'pva_better > 40 AND prva_better > 40', 'label': 'group 3 nonrefractive vi (nvi)'}], 'labels': ['group 1 no vi (reference group)', 'group 2 correctable vi (cvi)', 'group 3 nonrefractive vi (nvi)']}}]}], 'outcome': [{'keyword': 'having diabetes', 'derived': True, 'depends_on': [{'keyword': 'glycohemoglobin (hba1c) (%)', 'derived': False, 'data_sources': [{'cycle': '2005-2006', 'table': 'nhanes.ghb_d', 'column': 'glycohemoglobin', 'example_values': ['12.4', '13.2', '5.8', '4.8', '6.2']}, {'cycle': '2001-2002', 'table': 'nhanes.l10_b', 'column': 'glycohemoglobin', 'example_values': ['12.4', '5.8', '4.8', '6.2', '7.7']}, {'cycle': '2003-2004', 'table': 'nhanes.l10_c', 'column': 'glycohemoglobin', 'example_values': ['13.2', '5.8', '4.8', '6.2', '7.7']}, {'cycle': '2007-2008', 'table': 'nhanes.ghb_e', 'column': 'glycohemoglobin', 'example_values': ['12.4', '14.7', '13.2', '5.8', '4.8']}, {'cycle': '1999-2000', 'table': 'nhanes.lab10', 'column': 'glycohemoglobin', 'example_values': ['12.4', '14.7', '13.2', '5.8', '4.8']}]}, {'keyword': ""self-report of a doctor's diabetes diagnosis"", 'derived': False, 'data_sources': [{'cycle': '2005-2006', 'table': 'nhanes.diq_d', 'column': 'doctor_told_you_have_diabetes', 'example_values': ['No', 'Borderline', 'Yes']}, {'cycle': '2001-2002', 'table': 'nhanes.diq_b', 'column': 'doctor_told_you_have_diabetes', 'example_values': ['No', 'Borderline', 'Yes']}, {'cycle': '2003-2004', 'table': 'nhanes.diq_c', 'column': 'doctor_told_you_have_diabetes', 'example_values': ['No', 'Borderline', 'Yes']}, {'cycle': '2007-2008', 'table': 'nhanes.diq_e', 'column': 'doctor_told_you_have_diabetes', 'example_values': ['No', 'Borderline', 'Yes']}, {'cycle': '1999-2000', 'table': 'nhanes.diq', 'column': 'doctor_told_you_have_diabetes', 'example_values': ['No', 'Borderline', 'Yes']}]}], 'derivation': [{'step': 1, 'derivation_method': {'type': 'boolean_or', 'criteria': [{'condition': 'glycohemoglobin (hba1c) (%) >= 6.5'}, {'condition': 'self-report of a doctor\'s diabetes diagnosis = ""yes""'}]}}, {'step': 2, 'derivation_method': {'type': 'mapping', 'labels': ['1', '0']}}]}]}",exam,"-- STEP 1: Create temp_master_weight

-- TEMP TABLE FOR weight
DROP TABLE IF EXISTS temp_master_weight;

CREATE TEMP TABLE temp_master_weight AS
SELECT respondent_sequence_number, 
       (full_sample_4_year_mec_exam_weight * 4.0 / 14.0) AS survey_weight
FROM nhanes.demo
WHERE full_sample_4_year_mec_exam_weight IS NOT NULL
UNION ALL
SELECT respondent_sequence_number, 
       (full_sample_4_year_mec_exam_weight * 4.0 / 14.0) AS survey_weight
FROM nhanes.demo_b
WHERE full_sample_4_year_mec_exam_weight IS NOT NULL
UNION ALL
SELECT respondent_sequence_number, 
       (full_sample_2_year_mec_exam_weight * 2.0 / 14.0) AS survey_weight
FROM nhanes.demo_c
WHERE full_sample_2_year_mec_exam_weight IS NOT NULL
UNION ALL
SELECT respondent_sequence_number, 
       (full_sample_2_year_mec_exam_weight * 2.0 / 14.0) AS survey_weight
FROM nhanes.demo_d
WHERE full_sample_2_year_mec_exam_weight IS NOT NULL
UNION ALL
SELECT respondent_sequence_number, 
       (full_sample_2_year_mec_exam_weight * 2.0 / 14.0) AS survey_weight
FROM nhanes.demo_e
WHERE full_sample_2_year_mec_exam_weight IS NOT NULL;


-- STEP 2: Create temp_psu_stratum

-- TEMP TABLE FOR PSU and Stratum
DROP TABLE IF EXISTS temp_psu_stratum;
CREATE TEMP TABLE temp_psu_stratum AS
SELECT respondent_sequence_number, 
       masked_variance_pseudo_psu AS masked_variance_pseudo_psu,
       masked_variance_pseudo_stratum AS masked_variance_pseudo_stratum
FROM nhanes.demo
UNION ALL
SELECT respondent_sequence_number, 
       masked_variance_pseudo_psu AS masked_variance_pseudo_psu,
       masked_variance_pseudo_stratum AS masked_variance_pseudo_stratum
FROM nhanes.demo_b
UNION ALL
SELECT respondent_sequence_number, 
       masked_variance_pseudo_psu AS masked_variance_pseudo_psu,
       masked_variance_pseudo_stratum AS masked_variance_pseudo_stratum
FROM nhanes.demo_c
UNION ALL
SELECT respondent_sequence_number, 
       masked_variance_pseudo_psu AS masked_variance_pseudo_psu,
       masked_variance_pseudo_stratum AS masked_variance_pseudo_stratum
FROM nhanes.demo_d
UNION ALL
SELECT respondent_sequence_number, 
       masked_variance_pseudo_psu AS masked_variance_pseudo_psu,
       masked_variance_pseudo_stratum AS masked_variance_pseudo_stratum
FROM nhanes.demo_e;


-- STEP 3: Create final weight+design table
DROP TABLE IF EXISTS weight_design;
CREATE TABLE weight_design AS
SELECT 
    s.respondent_sequence_number,
    s.masked_variance_pseudo_psu,
    s.masked_variance_pseudo_stratum,
    w.survey_weight
FROM temp_psu_stratum s
INNER JOIN temp_master_weight w
  ON s.respondent_sequence_number = w.respondent_sequence_number;




-- TEMP TABLE FOR ""age at screening""
DROP TABLE IF EXISTS temp_master_age_in_years_at_screening;
CREATE TEMP TABLE temp_master_age_in_years_at_screening AS
SELECT respondent_sequence_number, ""age_in_years_at_screening"" AS ""age_in_years_at_screening""
FROM nhanes.demo_d
UNION ALL
SELECT respondent_sequence_number, ""age_in_years_at_screening"" AS ""age_in_years_at_screening""
FROM nhanes.demo_b
UNION ALL
SELECT respondent_sequence_number, ""age_in_years_at_screening"" AS ""age_in_years_at_screening""
FROM nhanes.demo_c
UNION ALL
SELECT respondent_sequence_number, ""age_in_years_at_screening"" AS ""age_in_years_at_screening""
FROM nhanes.demo_e
UNION ALL
SELECT respondent_sequence_number, ""age_in_years_at_screening"" AS ""age_in_years_at_screening""
FROM nhanes.demo;
-- Add index for faster joins
CREATE INDEX idx_temp_master_age_in_years_at_screening ON temp_master_age_in_years_at_screening (respondent_sequence_number);

-- TEMP TABLE FOR ""presenting right visual acuity"", ""presenting right visual acuity""
DROP TABLE IF EXISTS temp_master_right_visual_acuity_presenting;
CREATE TEMP TABLE temp_master_right_visual_acuity_presenting AS
SELECT respondent_sequence_number, ""right_visual_acuity_presenting"" AS ""right_visual_acuity_presenting""
FROM nhanes.vix_d
UNION ALL
SELECT respondent_sequence_number, ""right_visual_acuity_presenting"" AS ""right_visual_acuity_presenting""
FROM nhanes.vix_b
UNION ALL
SELECT respondent_sequence_number, ""right_visual_acuity_presenting"" AS ""right_visual_acuity_presenting""
FROM nhanes.vix_c
UNION ALL
SELECT respondent_sequence_number, ""right_visual_acuity_presenting"" AS ""right_visual_acuity_presenting""
FROM nhanes.vix_e
UNION ALL
SELECT respondent_sequence_number, ""right_visual_acuity_presenting"" AS ""right_visual_acuity_presenting""
FROM nhanes.vix;
-- Add index for faster joins
CREATE INDEX idx_temp_master_right_visual_acuity_presenting ON temp_master_right_visual_acuity_presenting (respondent_sequence_number);

-- TEMP TABLE FOR ""presenting left visual acuity"", ""presenting left visual acuity""
DROP TABLE IF EXISTS temp_master_left_visual_acuity_presenting;
CREATE TEMP TABLE temp_master_left_visual_acuity_presenting AS
SELECT respondent_sequence_number, ""left_visual_acuity_presenting"" AS ""left_visual_acuity_presenting""
FROM nhanes.vix_d
UNION ALL
SELECT respondent_sequence_number, ""left_visual_acuity_presenting"" AS ""left_visual_acuity_presenting""
FROM nhanes.vix_b
UNION ALL
SELECT respondent_sequence_number, ""left_visual_acuity_presenting"" AS ""left_visual_acuity_presenting""
FROM nhanes.vix_c
UNION ALL
SELECT respondent_sequence_number, ""left_visual_acuity_presenting"" AS ""left_visual_acuity_presenting""
FROM nhanes.vix_e
UNION ALL
SELECT respondent_sequence_number, ""left_visual_acuity_presenting"" AS ""left_visual_acuity_presenting""
FROM nhanes.vix;
-- Add index for faster joins
CREATE INDEX idx_temp_master_left_visual_acuity_presenting ON temp_master_left_visual_acuity_presenting (respondent_sequence_number);

-- TEMP TABLE FOR ""post-refraction right visual acuity"", ""post-refraction right visual acuity""
DROP TABLE IF EXISTS temp_master_right_visual_acuity_w_obj_refraction;
CREATE TEMP TABLE temp_master_right_visual_acuity_w_obj_refraction AS
SELECT respondent_sequence_number, ""right_visual_acuity_w_obj_refraction"" AS ""right_visual_acuity_w_obj_refraction""
FROM nhanes.vix_d
UNION ALL
SELECT respondent_sequence_number, ""right_visual_acuity_w_obj_refraction"" AS ""right_visual_acuity_w_obj_refraction""
FROM nhanes.vix_b
UNION ALL
SELECT respondent_sequence_number, ""right_visual_acuity_w_obj_refraction"" AS ""right_visual_acuity_w_obj_refraction""
FROM nhanes.vix_c
UNION ALL
SELECT respondent_sequence_number, ""right_visual_acuity_w_obj_refraction"" AS ""right_visual_acuity_w_obj_refraction""
FROM nhanes.vix_e
UNION ALL
SELECT respondent_sequence_number, ""right_visual_acuity_w_obj_refraction"" AS ""right_visual_acuity_w_obj_refraction""
FROM nhanes.vix;
-- Add index for faster joins
CREATE INDEX idx_temp_master_right_visual_acuity_w_obj_refraction ON temp_master_right_visual_acuity_w_obj_refraction (respondent_sequence_number);

-- TEMP TABLE FOR ""post-refraction left visual acuity"", ""post-refraction left visual acuity""
DROP TABLE IF EXISTS temp_master_left_visual_acuity_w_obj_refraction;
CREATE TEMP TABLE temp_master_left_visual_acuity_w_obj_refraction AS
SELECT respondent_sequence_number, ""left_visual_acuity_w_obj_refraction"" AS ""left_visual_acuity_w_obj_refraction""
FROM nhanes.vix_d
UNION ALL
SELECT respondent_sequence_number, ""left_visual_acuity_w_obj_refraction"" AS ""left_visual_acuity_w_obj_refraction""
FROM nhanes.vix_b
UNION ALL
SELECT respondent_sequence_number, ""left_visual_acuity_w_obj_refraction"" AS ""left_visual_acuity_w_obj_refraction""
FROM nhanes.vix_c
UNION ALL
SELECT respondent_sequence_number, ""left_visual_acuity_w_obj_refraction"" AS ""left_visual_acuity_w_obj_refraction""
FROM nhanes.vix_e
UNION ALL
SELECT respondent_sequence_number, ""left_visual_acuity_w_obj_refraction"" AS ""left_visual_acuity_w_obj_refraction""
FROM nhanes.vix;
-- Add index for faster joins
CREATE INDEX idx_temp_master_left_visual_acuity_w_obj_refraction ON temp_master_left_visual_acuity_w_obj_refraction (respondent_sequence_number);

-- TEMP TABLE FOR ""glycohemoglobin (hba1c) (%)"", ""glycohemoglobin (hba1c) (%)""
DROP TABLE IF EXISTS temp_master_glycohemoglobin;
CREATE TEMP TABLE temp_master_glycohemoglobin AS
SELECT respondent_sequence_number, ""glycohemoglobin"" AS ""glycohemoglobin""
FROM nhanes.ghb_d
UNION ALL
SELECT respondent_sequence_number, ""glycohemoglobin"" AS ""glycohemoglobin""
FROM nhanes.l10_b
UNION ALL
SELECT respondent_sequence_number, ""glycohemoglobin"" AS ""glycohemoglobin""
FROM nhanes.l10_c
UNION ALL
SELECT respondent_sequence_number, ""glycohemoglobin"" AS ""glycohemoglobin""
FROM nhanes.ghb_e
UNION ALL
SELECT respondent_sequence_number, ""glycohemoglobin"" AS ""glycohemoglobin""
FROM nhanes.lab10;
-- Add index for faster joins
CREATE INDEX idx_temp_master_glycohemoglobin ON temp_master_glycohemoglobin (respondent_sequence_number);

-- TEMP TABLE FOR ""self-report of a doctor's diabetes diagnosis"", ""self-report of a doctor's diabetes diagnosis""
DROP TABLE IF EXISTS temp_master_doctor_told_you_have_diabetes;
CREATE TEMP TABLE temp_master_doctor_told_you_have_diabetes AS
SELECT respondent_sequence_number, ""doctor_told_you_have_diabetes"" AS ""doctor_told_you_have_diabetes""
FROM nhanes.diq_d
UNION ALL
SELECT respondent_sequence_number, ""doctor_told_you_have_diabetes"" AS ""doctor_told_you_have_diabetes""
FROM nhanes.diq_b
UNION ALL
SELECT respondent_sequence_number, ""doctor_told_you_have_diabetes"" AS ""doctor_told_you_have_diabetes""
FROM nhanes.diq_c
UNION ALL
SELECT respondent_sequence_number, ""doctor_told_you_have_diabetes"" AS ""doctor_told_you_have_diabetes""
FROM nhanes.diq_e
UNION ALL
SELECT respondent_sequence_number, ""doctor_told_you_have_diabetes"" AS ""doctor_told_you_have_diabetes""
FROM nhanes.diq;
-- Add index for faster joins
CREATE INDEX idx_temp_master_doctor_told_you_have_diabetes ON temp_master_doctor_told_you_have_diabetes (respondent_sequence_number);

-- ALL UNIQUE PATIENT IDs
DROP TABLE IF EXISTS temp_all_ids;
CREATE TEMP TABLE temp_all_ids AS
SELECT respondent_sequence_number FROM temp_master_age_in_years_at_screening
UNION
SELECT respondent_sequence_number FROM temp_master_right_visual_acuity_presenting
UNION
SELECT respondent_sequence_number FROM temp_master_left_visual_acuity_presenting
UNION
SELECT respondent_sequence_number FROM temp_master_right_visual_acuity_w_obj_refraction
UNION
SELECT respondent_sequence_number FROM temp_master_left_visual_acuity_w_obj_refraction
UNION
SELECT respondent_sequence_number FROM temp_master_glycohemoglobin
UNION
SELECT respondent_sequence_number FROM temp_master_doctor_told_you_have_diabetes;

-- Add index to the main ID table for the final join
CREATE INDEX idx_temp_all_ids_respondent_sequence_number ON temp_all_ids (respondent_sequence_number);

-- FINAL MASTER TABLE
DROP TABLE IF EXISTS final_master_table;
CREATE TABLE final_master_table AS
SELECT
    a.respondent_sequence_number,
    t0.""age_in_years_at_screening"",
    t1.""right_visual_acuity_presenting"",
    t2.""left_visual_acuity_presenting"",
    t3.""right_visual_acuity_w_obj_refraction"",
    t4.""left_visual_acuity_w_obj_refraction"",
    t5.""glycohemoglobin"",
    t6.""doctor_told_you_have_diabetes""
FROM temp_all_ids a
LEFT JOIN temp_master_age_in_years_at_screening t0 ON a.respondent_sequence_number = t0.respondent_sequence_number 
LEFT JOIN temp_master_right_visual_acuity_presenting t1 ON a.respondent_sequence_number = t1.respondent_sequence_number 
LEFT JOIN temp_master_left_visual_acuity_presenting t2 ON a.respondent_sequence_number = t2.respondent_sequence_number 
LEFT JOIN temp_master_right_visual_acuity_w_obj_refraction t3 ON a.respondent_sequence_number = t3.respondent_sequence_number 
LEFT JOIN temp_master_left_visual_acuity_w_obj_refraction t4 ON a.respondent_sequence_number = t4.respondent_sequence_number 
LEFT JOIN temp_master_glycohemoglobin t5 ON a.respondent_sequence_number = t5.respondent_sequence_number 
LEFT JOIN temp_master_doctor_told_you_have_diabetes t6 ON a.respondent_sequence_number = t6.respondent_sequence_number;

CREATE INDEX idx_final_master_respondent_sequence_number    
    ON final_master_table (respondent_sequence_number);


-- Clean up final_master_table
DELETE FROM final_master_table
WHERE respondent_sequence_number NOT IN (
    SELECT respondent_sequence_number FROM weight_design
);


-- ========== STEP 1: Inclusion ==========

-- STEP 1.1: Includes all patients as no specific inclusion criteria were provided
CREATE TEMP TABLE temp_inclusion AS
SELECT ""respondent_sequence_number""
FROM final_master_table;

-- ========== STEP 2: Exclusions ==========

-- STEP 2.1: Exclude patients whose age at screening is less than 20
CREATE TEMP TABLE temp_exclusion_step1 AS
SELECT i.""respondent_sequence_number""
FROM temp_inclusion i
JOIN final_master_table f ON i.""respondent_sequence_number"" = f.""respondent_sequence_number""
WHERE f.""age_in_years_at_screening"" IS NULL OR f.""age_in_years_at_screening"" >= 20;

-- STEP 2.2: Exclude patients with missing presenting right visual acuity
CREATE TEMP TABLE temp_exclusion_step2 AS
SELECT i.""respondent_sequence_number""
FROM temp_exclusion_step1 i
JOIN final_master_table f ON i.""respondent_sequence_number"" = f.""respondent_sequence_number""
WHERE f.""right_visual_acuity_presenting"" IS NOT NULL;

-- STEP 2.3: Exclude patients with missing presenting left visual acuity
CREATE TEMP TABLE temp_exclusion_step3 AS
SELECT i.""respondent_sequence_number""
FROM temp_exclusion_step2 i
JOIN final_master_table f ON i.""respondent_sequence_number"" = f.""respondent_sequence_number""
WHERE f.""left_visual_acuity_presenting"" IS NOT NULL;

-- STEP 2.4: Exclude patients with missing post-refraction right visual acuity
CREATE TEMP TABLE temp_exclusion_step4 AS
SELECT i.""respondent_sequence_number""
FROM temp_exclusion_step3 i
JOIN final_master_table f ON i.""respondent_sequence_number"" = f.""respondent_sequence_number""
WHERE f.""right_visual_acuity_w_obj_refraction"" IS NOT NULL;

-- STEP 2.5: Exclude patients with missing post-refraction left visual acuity
CREATE TEMP TABLE temp_exclusion_step5 AS
SELECT i.""respondent_sequence_number""
FROM temp_exclusion_step4 i
JOIN final_master_table f ON i.""respondent_sequence_number"" = f.""respondent_sequence_number""
WHERE f.""left_visual_acuity_w_obj_refraction"" IS NOT NULL;

-- STEP 2.6: Exclude patients missing both glycohemoglobin (HbA1c) (%) and self-report of a doctor's diabetes diagnosis
CREATE TEMP TABLE temp_exclusion_step6 AS
SELECT i.""respondent_sequence_number""
FROM temp_exclusion_step5 i
JOIN final_master_table f ON i.""respondent_sequence_number"" = f.""respondent_sequence_number""
WHERE NOT (f.""glycohemoglobin"" IS NULL AND f.""doctor_told_you_have_diabetes"" IS NULL);

-- ========== STEP 3: Cohort ==========

-- The final temp table in the exclusion sequence becomes temp_cohort.
CREATE TEMP TABLE temp_cohort AS
SELECT ""respondent_sequence_number""
FROM temp_exclusion_step6;

-- ========== STEP 4: Variables ==========

-- 4.1 Vision Group
-- Helper function to parse visual acuity string (e.g., '20/40' -> 40, '20/200+' -> 200)
CREATE OR REPLACE FUNCTION parse_visual_acuity(va_string TEXT)
RETURNS NUMERIC AS $$
BEGIN
    IF va_string IS NULL THEN
        RETURN NULL;
    END IF;
    RETURN CAST(REPLACE(SUBSTRING(va_string FROM POSITION('/' IN va_string) + 1), '+', '') AS NUMERIC);
END;
$$ LANGUAGE plpgsql IMMUTABLE;

-- Parse all visual acuity values for the cohort
CREATE TEMP TABLE temp_parsed_va AS
SELECT
    c.""respondent_sequence_number"",
    parse_visual_acuity(f.""right_visual_acuity_presenting"") AS ""pva_right"",
    parse_visual_acuity(f.""left_visual_acuity_presenting"") AS ""pva_left"",
    parse_visual_acuity(f.""right_visual_acuity_w_obj_refraction"") AS ""prva_right"",
    parse_visual_acuity(f.""left_visual_acuity_w_obj_refraction"") AS ""prva_left""
FROM temp_cohort c
JOIN final_master_table f ON c.""respondent_sequence_number"" = f.""respondent_sequence_number"";

-- Calculate better presenting and post-refraction visual acuity
CREATE TEMP TABLE temp_better_va AS
SELECT
    ""respondent_sequence_number"",
    LEAST(""pva_right"", ""pva_left"") AS ""pva_better"",
    LEAST(""prva_right"", ""prva_left"") AS ""prva_better""
FROM temp_parsed_va;

-- Assign vision group based on better visual acuity values
CREATE TEMP TABLE temp_vision_group AS
SELECT
    bva.""respondent_sequence_number"",
    CASE
        WHEN bva.""pva_better"" IS NULL THEN NULL
        WHEN bva.""pva_better"" <= 40 THEN 'group 1 no vi (reference group)'
        WHEN bva.""pva_better"" > 40 AND bva.""prva_better"" IS NULL THEN NULL -- Should not happen due to exclusions, but for safety
        WHEN bva.""pva_better"" > 40 AND bva.""prva_better"" <= 40 THEN 'group 2 correctable vi (cvi)'
        WHEN bva.""pva_better"" > 40 AND bva.""prva_better"" > 40 THEN 'group 3 nonrefractive vi (nvi)'
        ELSE NULL
    END AS ""vision_group""
FROM temp_better_va bva;

-- 4.2 Having Diabetes
-- Apply boolean OR condition for having diabetes
CREATE TEMP TABLE temp_having_diabetes_raw AS
SELECT
    c.""respondent_sequence_number"",
    (f.""glycohemoglobin"" >= 6.5 OR f.""doctor_told_you_have_diabetes"" = 'Yes') AS ""has_diabetes_condition""
FROM temp_cohort c
JOIN final_master_table f ON c.""respondent_sequence_number"" = f.""respondent_sequence_number"";

-- Map having diabetes to binary (1 or 0)
CREATE TEMP TABLE temp_having_diabetes AS
SELECT
    ""respondent_sequence_number"",
    CASE
        WHEN ""has_diabetes_condition"" THEN '1'
        ELSE '0'
    END AS ""having_diabetes""
FROM temp_having_diabetes_raw;

-- ========== STEP 5: Final Table ==========
CREATE TEMP TABLE temp_final_table AS
SELECT
  c.""respondent_sequence_number"",
  vg.""vision_group"",
  hd.""having_diabetes""
FROM temp_cohort c
JOIN temp_vision_group vg ON c.""respondent_sequence_number"" = vg.""respondent_sequence_number""
JOIN temp_having_diabetes hd ON c.""respondent_sequence_number"" = hd.""respondent_sequence_number"";

-- ========== STEP 6: Final Output ==========
SELECT * FROM temp_final_table;

-- STEP: Create merged final table with design variables + in_analysis flag
DROP TABLE IF EXISTS temp_final_with_weights;

CREATE TEMP TABLE temp_final_with_weights AS
SELECT 
    wd.""respondent_sequence_number"",
    wd.""masked_variance_pseudo_psu"",
    wd.""masked_variance_pseudo_stratum"",
    wd.""survey_weight"",
    CASE WHEN ft.""respondent_sequence_number"" IS NOT NULL THEN 1 ELSE 0 END AS ""in_analysis"",
    ft.""vision_group"",
    ft.""having_diabetes""
FROM weight_design wd
LEFT JOIN temp_final_table ft
  ON wd.""respondent_sequence_number"" = ft.""respondent_sequence_number"";
  
-- Preview the result
SELECT * FROM temp_final_with_weights;
","    step_num                                                                                                                  step  remaining_after_step  excluded_at_step
0          0                                                                     Total unique participants pooled from all sources                 51623               NaN
1          1                                                     Participants with a valid survey weight (after initial filtering)                 51623               0.0
2          2                                       STEP 1.1: Includes all patients as no specific inclusion criteria were provided                 51623               0.0
3          3                                                     STEP 2.1: Exclude patients whose age at screening is less than 20                 26246           25377.0
4          4                                                STEP 2.2: Exclude patients with missing presenting right visual acuity                 22763            3483.0
5          5                                                 STEP 2.3: Exclude patients with missing presenting left visual acuity                 22678              85.0
6          6                                           STEP 2.4: Exclude patients with missing post-refraction right visual acuity                  6535           16143.0
7          7                                            STEP 2.5: Exclude patients with missing post-refraction left visual acuity                  4120            2415.0
8          8  STEP 2.6: Exclude patients missing both glycohemoglobin (HbA1c) (%) and self-report of a doctor's diabetes diagnosis                  4119               1.0
9          9                                                   The final temp table in the exclusion sequence becomes temp_cohort.                  4119               0.0
10        10                                                                             ========== STEP 5: Final Table ==========                  4119               0.0","(51623, 7)","
    suppressPackageStartupMessages(library(dplyr))
    suppressPackageStartupMessages(library(broom))
    suppressPackageStartupMessages(library(tibble))

    identifier_vars <- c(""respondent_sequence_number"")
    outcome_vars <- c(""having_diabetes"")
    weight_vars <- c(""survey_weight"",""masked_variance_pseudo_psu"",""masked_variance_pseudo_stratum"",""in_analysis"")

    cohort <- df[df$in_analysis == 1, names(df) != ""in_analysis""]


    outcome_roles <- c()
    outcome_roles[""having_diabetes""] <- ""outcome""


    summarize_variable <- function(column, name) {
    n_unique <- length(unique(na.omit(column)))
    na_count <- sum(is.na(column))

    if (name %in% identifier_vars) {
        category <- ""identifier""
        summary_info <- paste0(""Total rows = "", nrow(cohort))

    } else if (name %in% outcome_vars) {
        # Assign its special role (e.g., ""outcome"", ""mediator"")
        category <- ifelse(!is.na(outcome_roles[name]), outcome_roles[name], ""outcome"")

        # Generate a summary based on its underlying data type
        underlying_type <- case_when(
        n_unique == 2                                 ~ ""binary"",
        is.numeric(column) & n_unique > 2             ~ ""numerical"",
        is.character(column) | is.factor(column)      ~ ""categorical"",
        TRUE                                          ~ ""other""
        )

        if (underlying_type == ""numerical"") {
        mean_val <- round(mean(column, na.rm = TRUE), 3)
        sd_val   <- round(sd(column, na.rm = TRUE), 3)
        summary_info <- paste0(""mean = "", mean_val, "", sd = "", sd_val)
        } else if (underlying_type %in% c(""categorical"", ""binary"")) {
        tbl <- prop.table(table(column)) * 100
        tbl <- round(tbl, 1)
        summary_info <- paste0(names(tbl), "": "", tbl, ""%"", collapse = ""; "")
        } else {
        summary_info <- NA
        }

    

    } else if (name %in% weight_vars) {
        category <- ""weight""
        summary_info <- ""Weight variable"" 
    

    } else {
        # This block handles regular predictors
        category <- case_when(
        n_unique == 2                                 ~ ""binary"",
        is.numeric(column) & n_unique > 2             ~ ""numerical"",
        is.character(column) | is.factor(column)      ~ ""categorical"",
        TRUE                                          ~ ""other""
        )

        if (category == ""numerical"") {
        mean_val <- round(mean(column, na.rm = TRUE), 3)
        sd_val   <- round(sd(column, na.rm = TRUE), 3)
        summary_info <- paste0(""mean = "", mean_val, "", sd = "", sd_val)
        } else if (category %in% c(""categorical"", ""binary"")) {
        tbl <- prop.table(table(column)) * 100
        tbl <- round(tbl, 1)
        summary_info <- paste0(names(tbl), "": "", tbl, ""%"", collapse = ""; "")
        } else {
        summary_info <- NA
        }
    }

    data.frame(
        variable   = name,
        category   = category,
        n_unique   = n_unique,
        na_count   = na_count,
        summary    = summary_info,
        stringsAsFactors = FALSE
    )
    }

    report <- bind_rows(
    lapply(names(cohort), function(col_name) {
        summarize_variable(cohort[[col_name]], col_name)
    })
    )

    identifier_vars  <- report$variable[report$category == ""identifier""]
    cat(""Identifier Variables:\n"");   print(identifier_vars);   cat(""\n"")

    weight_vars <- report$variable[report$category == ""weight""]; cat(""Weight Variables: ""); print(weight_vars); psu_var <- weight_vars[grepl(""psu"", weight_vars, ignore.case = TRUE)][1]; cat(""PSU:"", psu_var); stratum_var <- weight_vars[grepl(""stratum"", weight_vars, ignore.case = TRUE)][1]; cat(""Stratum:"", stratum_var); weight_var <- weight_vars[grepl(""weight"", weight_vars, ignore.case = TRUE)][1]; cat(""Weight:"", weight_var); in_analysis_var <- weight_vars[grepl(""in_analysis"", weight_vars, ignore.case = TRUE)][1]; cat(""In Analysis:"", in_analysis_var)

    binary_vars      <- report$variable[report$category == ""binary""]
    cat(""Binary Variables:\n"");       print(binary_vars);       cat(""\n"")
    print(binary_vars)

    categorical_vars <- report$variable[report$category == ""categorical""]
    cat(""Categorical Variables:\n"");  print(categorical_vars);  cat(""\n"")
    print(categorical_vars)

    numerical_vars   <- report$variable[report$category == ""numerical""]
    cat(""Numerical Variables:\n"");    print(numerical_vars);    cat(""\n"")
    print(numerical_vars)

    
    

    outcome_var     <- report$variable[report$category %in% c(""outcome"")]
    cat(""Outcome Variables:\n"");      print(outcome_var);      cat(""\n"")
    

    
    library(survey)
    options(survey.lonely.psu = ""adjust"")
        
    
    group_vars_list <- report$variable[report$category %in% c(""categorical"", ""binary"")]
    
    # Loop through the variables and ensure they are clean factors in the 'df' dataframe.
    for (var in group_vars_list) {
    if (var %in% names(df)) {
        df[[var]] <- factor(trimws(as.character(df[[var]])))
    }
    }
        
    
    df[[outcome_var]] <- ifelse(tolower(df[[outcome_var]]) == ""yes"", 1,
                    ifelse(tolower(df[[outcome_var]]) == ""no"", 0,
                    ifelse(grepl(""1"", as.character(df[[outcome_var]])), 1,
                    ifelse(grepl(""0"", as.character(df[[outcome_var]])), 0,
                            as.numeric(df[[outcome_var]])))))


    varformula <- as.formula(paste0(""~"", outcome_var))
        
    
    survey_design <- svydesign(
        ids     = as.formula(paste0(""~"", psu_var)),
        strata  = as.formula(paste0(""~"", stratum_var)),
        weights = as.formula(paste0(""~"", weight_var)),
        data    = df,
        nest    = TRUE
        )
    survey_design <- subset(survey_design, in_analysis ==1)
        
    
    # Calculate Overall Prevalence.
    total_prev <- svymean(varformula, survey_design, na.rm = TRUE)
    total_conf <- confint(total_prev)

    # Initialize a list to store pairwise results
    pairwise_results <- list()

    # Loop through each grouping variable
    all_strat_results <- lapply(group_vars_list, function(current_group_var) {

        byformula <- as.formula(paste0(""~"", current_group_var))
        test_formula <- as.formula(paste0(outcome_var, "" ~ "", current_group_var))

        # Prevalence and confidence intervals
        strat_prev <- svyby(varformula, byformula, survey_design, svymean, na.rm = TRUE)
        strat_conf <- confint(strat_prev)

        strat_result <- as_tibble(strat_prev) %>%
            cbind(strat_conf) %>%
            rename(
                Group = 1,
                prevalence = 2,
                conf_low = `2.5 %`,
                conf_high = `97.5 %`
            ) %>%
            mutate(Variable = current_group_var, .before = 1)

        # --- Global P-value ---
        group_levels <- levels(factor(df[[current_group_var]]))
        num_levels <- length(group_levels)
        global_p_value <- NA_real_

        test_result <- NULL
        test_p <- NA_real_

        if (num_levels == 2) {
            test_result <- tryCatch(
                svyttest(test_formula, survey_design),
                error = function(e) NULL
            )
        } else if (num_levels > 2) {
            chisq_formula <- as.formula(paste0(""~"", outcome_var, "" + "", current_group_var))
            test_result <- tryCatch(
                svychisq(chisq_formula, survey_design),
                error = function(e) NULL
            )
        }

        if (!is.null(test_result)) {
            test_p <- tryCatch(test_result$p.value, error = function(e) NA_real_)
        }
        global_p_value <- test_p

        # Add global p-value only to the first row
        strat_result$`P-value` <- """"
        strat_result$`P-value`[1] <- if (!is.na(global_p_value)) round(global_p_value, 4) else NA_character_

        # Keep only the columns needed in the final result table
        strat_result <- strat_result %>%
            dplyr::select(Variable, Group, prevalence, conf_low, conf_high, `P-value`)

        # --- Pairwise p-values table (kept as before) ---
        pairwise_df <- tibble(
            Variable = character(),
            Comparison = character(),
            `P-value` = numeric()
        )

        if (num_levels > 2) {
            all_pairs <- combn(group_levels, 2, simplify = FALSE)
            for (pair in all_pairs) {
                pair_name <- paste(pair[1], ""vs"", pair[2], sep = ""_"")
                pair_design <- subset(survey_design, get(current_group_var) %in% pair)
                test_result <- try(svyttest(test_formula, pair_design), silent = TRUE)
                if (!inherits(test_result, ""try-error"")) {
                    pairwise_df <- bind_rows(pairwise_df, tibble(
                        Variable = current_group_var,
                        Comparison = pair_name,
                        `P-value` = round(test_result$p.value, 4)
                    ))
                }
            }
        }

        # Store in global list
        pairwise_results[[current_group_var]] <<- pairwise_df

        return(strat_result)
    })

    
    # Combine into a final result table
    total_result_df <- tibble(
        Variable = ""Overall"",
        Group = ""Overall"",
        prevalence = as.numeric(coef(total_prev)),
        conf_low = as.numeric(total_conf[1]),
        conf_high = as.numeric(total_conf[2]),
        `P-value` = """"
    )

    combined_strat_df <- bind_rows(all_strat_results)
    result_table <- bind_rows(total_result_df, combined_strat_df) %>%
        dplyr::select(Variable, Group, prevalence, conf_low, conf_high, `P-value`)

    # Combine pairwise p-values into one data frame (unchanged)
    pairwise_pvalue_table <- bind_rows(pairwise_results)
    
    ","[{'variable': 'respondent_sequence_number', 'category': 'identifier', 'n_unique': 4119, 'na_count': 0, 'summary': 'Total rows = 4119'}, {'variable': 'masked_variance_pseudo_psu', 'category': 'weight', 'n_unique': 3, 'na_count': 0, 'summary': 'Weight variable'}, {'variable': 'masked_variance_pseudo_stratum', 'category': 'weight', 'n_unique': 74, 'na_count': 0, 'summary': 'Weight variable'}, {'variable': 'survey_weight', 'category': 'weight', 'n_unique': 3649, 'na_count': 0, 'summary': 'Weight variable'}, {'variable': 'vision_group', 'category': 'categorical', 'n_unique': 3, 'na_count': 0, 'summary': 'group 1 no vi (reference group): 56.5%; group 2 correctable vi (cvi): 33.5%; group 3 nonrefractive vi (nvi): 10%'}, {'variable': 'having_diabetes', 'category': 'outcome', 'n_unique': 2, 'na_count': 0, 'summary': '0: 81.6%; 1: 18.4%'}]","[{'Variable': 'Overall', 'Group': 'Overall', 'prevalence': 0.1463591503584062, 'conf_low': 0.1308091673980868, 'conf_high': 0.16190913331872558, 'P-value': ''}, {'Variable': 'vision_group', 'Group': 'group 1 no vi (reference group)', 'prevalence': 0.14634083988170726, 'conf_low': 0.12592940797315863, 'conf_high': 0.1667522717902559, 'P-value': '0.0291'}, {'Variable': 'vision_group', 'Group': 'group 2 correctable vi (cvi)', 'prevalence': 0.13324093788683822, 'conf_low': 0.10992158323934166, 'conf_high': 0.1565602925343348, 'P-value': ''}, {'Variable': 'vision_group', 'Group': 'group 3 nonrefractive vi (nvi)', 'prevalence': 0.20318371189164294, 'conf_low': 0.15850728617356308, 'conf_high': 0.2478601376097228, 'P-value': ''}]",,,,weighted prevalence,1999-2008,"[[1999, 2000], [2001, 2002], [2003, 2004], [2005, 2006], [2007, 2008]]",google_gemini-2.5-flash,Pass,[],,178.361998,"[[{'model_name': 'google_gemini-2.5-flash', 'input_tokens': 742, 'output_tokens': 1, 'total_cost': 0.0002251, 'formatted_total_cost': '$0.000225'}, {'model_name': 'google_gemini-2.5-flash', 'input_tokens': 1949, 'output_tokens': 406, 'total_cost': 0.0015997, 'formatted_total_cost': '$0.001600'}, {'model_name': 'google_gemini-2.5-flash', 'input_tokens': 2801, 'output_tokens': 1249, 'total_cost': 0.0039628, 'formatted_total_cost': '$0.003963'}], [{'model_name': 'google_gemini-2.5-flash', 'input_tokens': 3305, 'output_tokens': 84, 'total_cost': 0.0012014999999999999, 'formatted_total_cost': '$0.001201'}, {'model_name': 'google_gemini-2.5-flash', 'input_tokens': 3305, 'output_tokens': 84, 'total_cost': 0.0012014999999999999, 'formatted_total_cost': '$0.001201'}, {'model_name': 'google_gemini-2.5-flash', 'input_tokens': 3472, 'output_tokens': 84, 'total_cost': 0.0012515999999999998, 'formatted_total_cost': '$0.001252'}, {'model_name': 'google_gemini-2.5-flash', 'input_tokens': 3472, 'output_tokens': 84, 'total_cost': 0.0012515999999999998, 'formatted_total_cost': '$0.001252'}, {'model_name': 'google_gemini-2.5-flash', 'input_tokens': 3451, 'output_tokens': 84, 'total_cost': 0.0012453, 'formatted_total_cost': '$0.001245'}, {'model_name': 'google_gemini-2.5-flash', 'input_tokens': 3451, 'output_tokens': 84, 'total_cost': 0.0012453, 'formatted_total_cost': '$0.001245'}, {'model_name': 'google_gemini-2.5-flash', 'input_tokens': 3305, 'output_tokens': 82, 'total_cost': 0.0011965, 'formatted_total_cost': '$0.001197'}, {'model_name': 'google_gemini-2.5-flash', 'input_tokens': 3305, 'output_tokens': 82, 'total_cost': 0.0011965, 'formatted_total_cost': '$0.001197'}, {'model_name': 'google_gemini-2.5-flash', 'input_tokens': 3388, 'output_tokens': 80, 'total_cost': 0.0012164, 'formatted_total_cost': '$0.001216'}, {'model_name': 'google_gemini-2.5-flash', 'input_tokens': 3388, 'output_tokens': 80, 'total_cost': 0.0012164, 'formatted_total_cost': '$0.001216'}, {'model_name': 'google_gemini-2.5-flash', 'input_tokens': 708, 'output_tokens': 3, 'total_cost': 0.00021989999999999998, 'formatted_total_cost': '$0.000220'}, {'model_name': 'google_gemini-2.5-flash', 'input_tokens': 3277, 'output_tokens': 78, 'total_cost': 0.0011781, 'formatted_total_cost': '$0.001178'}, {'model_name': 'google_gemini-2.5-flash', 'input_tokens': 3277, 'output_tokens': 78, 'total_cost': 0.0011781, 'formatted_total_cost': '$0.001178'}, {'model_name': 'google_gemini-2.5-flash', 'input_tokens': 3311, 'output_tokens': 79, 'total_cost': 0.0011907999999999999, 'formatted_total_cost': '$0.001191'}, {'model_name': 'google_gemini-2.5-flash', 'input_tokens': 345, 'output_tokens': 79, 'total_cost': 0.00030099999999999994, 'formatted_total_cost': '$0.000301'}, {'model_name': 'google_gemini-2.5-flash', 'input_tokens': 345, 'output_tokens': 79, 'total_cost': 0.00030099999999999994, 'formatted_total_cost': '$0.000301'}, {'model_name': 'google_gemini-2.5-flash', 'input_tokens': 3329, 'output_tokens': 79, 'total_cost': 0.0011962, 'formatted_total_cost': '$0.001196'}, {'model_name': 'google_gemini-2.5-flash', 'input_tokens': 3329, 'output_tokens': 79, 'total_cost': 0.0011962, 'formatted_total_cost': '$0.001196'}, {'model_name': 'google_gemini-2.5-flash', 'input_tokens': 3322, 'output_tokens': 76, 'total_cost': 0.0011866, 'formatted_total_cost': '$0.001187'}, {'model_name': 'google_gemini-2.5-flash', 'input_tokens': 3322, 'output_tokens': 76, 'total_cost': 0.0011866, 'formatted_total_cost': '$0.001187'}, {'model_name': 'google_gemini-2.5-flash', 'input_tokens': 3160, 'output_tokens': 69, 'total_cost': 0.0011205, 'formatted_total_cost': '$0.001120'}, {'model_name': 'google_gemini-2.5-flash', 'input_tokens': 3160, 'output_tokens': 69, 'total_cost': 0.0011205, 'formatted_total_cost': '$0.001120'}, {'model_name': 'google_gemini-2.5-flash', 'input_tokens': 515, 'output_tokens': 3, 'total_cost': 0.000162, 'formatted_total_cost': '$0.000162'}, {'model_name': 'google_gemini-2.5-flash', 'input_tokens': 3514, 'output_tokens': 103, 'total_cost': 0.0013116999999999998, 'formatted_total_cost': '$0.001312'}, {'model_name': 'google_gemini-2.5-flash', 'input_tokens': 3514, 'output_tokens': 103, 'total_cost': 0.0013116999999999998, 'formatted_total_cost': '$0.001312'}, {'model_name': 'google_gemini-2.5-flash', 'input_tokens': 3579, 'output_tokens': 105, 'total_cost': 0.0013362, 'formatted_total_cost': '$0.001336'}, {'model_name': 'google_gemini-2.5-flash', 'input_tokens': 3579, 'output_tokens': 105, 'total_cost': 0.0013362, 'formatted_total_cost': '$0.001336'}, {'model_name': 'google_gemini-2.5-flash', 'input_tokens': 3621, 'output_tokens': 103, 'total_cost': 0.0013437999999999998, 'formatted_total_cost': '$0.001344'}, {'model_name': 'google_gemini-2.5-flash', 'input_tokens': 3621, 'output_tokens': 103, 'total_cost': 0.0013437999999999998, 'formatted_total_cost': '$0.001344'}, {'model_name': 'google_gemini-2.5-flash', 'input_tokens': 3531, 'output_tokens': 105, 'total_cost': 0.0013218000000000001, 'formatted_total_cost': '$0.001322'}, {'model_name': 'google_gemini-2.5-flash', 'input_tokens': 3531, 'output_tokens': 105, 'total_cost': 0.0013218000000000001, 'formatted_total_cost': '$0.001322'}, {'model_name': 'google_gemini-2.5-flash', 'input_tokens': 3532, 'output_tokens': 103, 'total_cost': 0.0013170999999999999, 'formatted_total_cost': '$0.001317'}, {'model_name': 'google_gemini-2.5-flash', 'input_tokens': 3532, 'output_tokens': 103, 'total_cost': 0.0013170999999999999, 'formatted_total_cost': '$0.001317'}, {'model_name': 'google_gemini-2.5-flash', 'input_tokens': 530, 'output_tokens': 3, 'total_cost': 0.00016649999999999998, 'formatted_total_cost': '$0.000166'}, {'model_name': 'google_gemini-2.5-flash', 'input_tokens': 3952, 'output_tokens': 127, 'total_cost': 0.0015030999999999998, 'formatted_total_cost': '$0.001503'}, {'model_name': 'google_gemini-2.5-flash', 'input_tokens': 3952, 'output_tokens': 127, 'total_cost': 0.0015030999999999998, 'formatted_total_cost': '$0.001503'}, {'model_name': 'google_gemini-2.5-flash', 'input_tokens': 3659, 'output_tokens': 125, 'total_cost': 0.0014102, 'formatted_total_cost': '$0.001410'}, {'model_name': 'google_gemini-2.5-flash', 'input_tokens': 3659, 'output_tokens': 125, 'total_cost': 0.0014102, 'formatted_total_cost': '$0.001410'}, {'model_name': 'google_gemini-2.5-flash', 'input_tokens': 3677, 'output_tokens': 127, 'total_cost': 0.0014206000000000002, 'formatted_total_cost': '$0.001421'}, {'model_name': 'google_gemini-2.5-flash', 'input_tokens': 3677, 'output_tokens': 127, 'total_cost': 0.0014206000000000002, 'formatted_total_cost': '$0.001421'}, {'model_name': 'google_gemini-2.5-flash', 'input_tokens': 4012, 'output_tokens': 127, 'total_cost': 0.0015211, 'formatted_total_cost': '$0.001521'}, {'model_name': 'google_gemini-2.5-flash', 'input_tokens': 4012, 'output_tokens': 127, 'total_cost': 0.0015211, 'formatted_total_cost': '$0.001521'}, {'model_name': 'google_gemini-2.5-flash', 'input_tokens': 3475, 'output_tokens': 125, 'total_cost': 0.0013549999999999999, 'formatted_total_cost': '$0.001355'}, {'model_name': 'google_gemini-2.5-flash', 'input_tokens': 3475, 'output_tokens': 125, 'total_cost': 0.0013549999999999999, 'formatted_total_cost': '$0.001355'}, {'model_name': 'google_gemini-2.5-flash', 'input_tokens': 451, 'output_tokens': 3, 'total_cost': 0.0001428, 'formatted_total_cost': '$0.000143'}, {'model_name': 'google_gemini-2.5-flash', 'input_tokens': 3480, 'output_tokens': 81, 'total_cost': 0.0012465, 'formatted_total_cost': '$0.001246'}, {'model_name': 'google_gemini-2.5-flash', 'input_tokens': 3480, 'output_tokens': 81, 'total_cost': 0.0012465, 'formatted_total_cost': '$0.001246'}, {'model_name': 'google_gemini-2.5-flash', 'input_tokens': 3318, 'output_tokens': 81, 'total_cost': 0.0011979, 'formatted_total_cost': '$0.001198'}, {'model_name': 'google_gemini-2.5-flash', 'input_tokens': 3318, 'output_tokens': 81, 'total_cost': 0.0011979, 'formatted_total_cost': '$0.001198'}, {'model_name': 'google_gemini-2.5-flash', 'input_tokens': 3318, 'output_tokens': 79, 'total_cost': 0.0011929, 'formatted_total_cost': '$0.001193'}, {'model_name': 'google_gemini-2.5-flash', 'input_tokens': 3318, 'output_tokens': 79, 'total_cost': 0.0011929, 'formatted_total_cost': '$0.001193'}, {'model_name': 'google_gemini-2.5-flash', 'input_tokens': 3480, 'output_tokens': 79, 'total_cost': 0.0012415, 'formatted_total_cost': '$0.001241'}, {'model_name': 'google_gemini-2.5-flash', 'input_tokens': 3480, 'output_tokens': 79, 'total_cost': 0.0012415, 'formatted_total_cost': '$0.001241'}, {'model_name': 'google_gemini-2.5-flash', 'input_tokens': 3235, 'output_tokens': 77, 'total_cost': 0.001163, 'formatted_total_cost': '$0.001163'}, {'model_name': 'google_gemini-2.5-flash', 'input_tokens': 3235, 'output_tokens': 77, 'total_cost': 0.001163, 'formatted_total_cost': '$0.001163'}, {'model_name': 'google_gemini-2.5-flash', 'input_tokens': 720, 'output_tokens': 3, 'total_cost': 0.0002235, 'formatted_total_cost': '$0.000224'}, {'model_name': 'google_gemini-2.5-flash', 'input_tokens': 3396, 'output_tokens': 84, 'total_cost': 0.0012288, 'formatted_total_cost': '$0.001229'}, {'model_name': 'google_gemini-2.5-flash', 'input_tokens': 3396, 'output_tokens': 84, 'total_cost': 0.0012288, 'formatted_total_cost': '$0.001229'}, {'model_name': 'google_gemini-2.5-flash', 'input_tokens': 3430, 'output_tokens': 82, 'total_cost': 0.0012339999999999999, 'formatted_total_cost': '$0.001234'}, {'model_name': 'google_gemini-2.5-flash', 'input_tokens': 3430, 'output_tokens': 82, 'total_cost': 0.0012339999999999999, 'formatted_total_cost': '$0.001234'}, {'model_name': 'google_gemini-2.5-flash', 'input_tokens': 3417, 'output_tokens': 82, 'total_cost': 0.0012301, 'formatted_total_cost': '$0.001230'}, {'model_name': 'google_gemini-2.5-flash', 'input_tokens': 3417, 'output_tokens': 82, 'total_cost': 0.0012301, 'formatted_total_cost': '$0.001230'}, {'model_name': 'google_gemini-2.5-flash', 'input_tokens': 3396, 'output_tokens': 82, 'total_cost': 0.0012238000000000001, 'formatted_total_cost': '$0.001224'}, {'model_name': 'google_gemini-2.5-flash', 'input_tokens': 3396, 'output_tokens': 82, 'total_cost': 0.0012238000000000001, 'formatted_total_cost': '$0.001224'}, {'model_name': 'google_gemini-2.5-flash', 'input_tokens': 3346, 'output_tokens': 80, 'total_cost': 0.0012038, 'formatted_total_cost': '$0.001204'}, {'model_name': 'google_gemini-2.5-flash', 'input_tokens': 3346, 'output_tokens': 80, 'total_cost': 0.0012038, 'formatted_total_cost': '$0.001204'}, {'model_name': 'google_gemini-2.5-flash', 'input_tokens': 708, 'output_tokens': 3, 'total_cost': 0.00021989999999999998, 'formatted_total_cost': '$0.000220'}, {'model_name': 'google_gemini-2.5-flash', 'input_tokens': 3460, 'output_tokens': 79, 'total_cost': 0.0012354999999999998, 'formatted_total_cost': '$0.001235'}, {'model_name': 'google_gemini-2.5-flash', 'input_tokens': 3460, 'output_tokens': 79, 'total_cost': 0.0012354999999999998, 'formatted_total_cost': '$0.001235'}, {'model_name': 'google_gemini-2.5-flash', 'input_tokens': 3372, 'output_tokens': 79, 'total_cost': 0.0012090999999999998, 'formatted_total_cost': '$0.001209'}, {'model_name': 'google_gemini-2.5-flash', 'input_tokens': 3372, 'output_tokens': 79, 'total_cost': 0.0012090999999999998, 'formatted_total_cost': '$0.001209'}, {'model_name': 'google_gemini-2.5-flash', 'input_tokens': 3329, 'output_tokens': 79, 'total_cost': 0.0011962, 'formatted_total_cost': '$0.001196'}, {'model_name': 'google_gemini-2.5-flash', 'input_tokens': 3329, 'output_tokens': 79, 'total_cost': 0.0011962, 'formatted_total_cost': '$0.001196'}, {'model_name': 'google_gemini-2.5-flash', 'input_tokens': 3460, 'output_tokens': 81, 'total_cost': 0.0012404999999999998, 'formatted_total_cost': '$0.001240'}, {'model_name': 'google_gemini-2.5-flash', 'input_tokens': 3460, 'output_tokens': 81, 'total_cost': 0.0012404999999999998, 'formatted_total_cost': '$0.001240'}, {'model_name': 'google_gemini-2.5-flash', 'input_tokens': 3283, 'output_tokens': 79, 'total_cost': 0.0011824, 'formatted_total_cost': '$0.001182'}, {'model_name': 'google_gemini-2.5-flash', 'input_tokens': 3283, 'output_tokens': 79, 'total_cost': 0.0011824, 'formatted_total_cost': '$0.001182'}, {'model_name': 'google_gemini-2.5-flash', 'input_tokens': 720, 'output_tokens': 3, 'total_cost': 0.0002235, 'formatted_total_cost': '$0.000224'}], [{'model_name': 'google_gemini-2.5-flash', 'input_tokens': 7820, 'output_tokens': 1711, 'total_cost': 0.0066235, 'formatted_total_cost': '$0.006624'}]]",False,0,,/home/nayoonkim/LATCH_Public_Release/LATCH/analyses/results/fig4_new_insights/fig_4_4a_google_gemini-2.5-flash_result_log.csv,
